OBJECTID,STATEFP,COUNTYFP,TRACTCE,GEOID,NAME,NAMELSAD,MTFCC,FUNCSTAT,totalarea,sum_treecanopy,sum_naturalcover
1,42,101,039100,42101039100,391,Census Tract 391,G5020,S,0.483799011,0.239735344,0.09308391
2,42,101,980902,42101980902,9809.02,Census Tract 9809.02,G5020,S,0.070689097,0.01018958,0.0179973
3,42,101,980904,42101980904,9809.04,Census Tract 9809.04,G5020,S,0.667684019,0.048575637,0.061012999
4,42,101,980903,42101980903,9809.03,Census Tract 9809.03,G5020,S,0.066082798,0.011793252,0
5,42,101,980906,42101980906,9809.06,Census Tract 9809.06,G5020,S,1.285140038,0.111128805,0.12505415
6,42,101,980905,42101980905,9809.05,Census Tract 9809.05,G5020,S,0.41703099,0.05292336,0.057870531
7,42,101,036700,42101036700,367,Census Tract 367,G5020,S,0.281814992,0.020458708,0
8,42,101,034702,42101034702,347.02,Census Tract 347.02,G5020,S,0.398589998,0.237198346,0.01328853
9,42,101,034801,42101034801,348.01,Census Tract 348.01,G5020,S,0.537123024,0.296552401,0.051461122
10,42,101,034802,42101034802,348.02,Census Tract 348.02,G5020,S,0.47883901,0.373847101,0.081174328
11,42,101,034900,42101034900,349,Census Tract 349,G5020,S,0.753778994,0.292702011,0.019178198
12,42,101,035100,42101035100,351,Census Tract 351,G5020,S,0.642268002,0.248656953,0.277101775
13,42,101,035200,42101035200,352,Census Tract 352,G5020,S,0.720284998,0.525882115,0.056765488
14,42,101,980300,42101980300,9803,Census Tract 9803,G5020,S,2.941610098,1.041805518,0.462391064
15,42,101,035500,42101035500,355,Census Tract 355,G5020,S,0.88460201,0.434618203,0.051072604
16,42,101,035800,42101035800,358,Census Tract 358,G5020,S,0.679401994,0.469257474,0.035744185
17,42,101,035900,42101035900,359,Census Tract 359,G5020,S,0.867654026,0.66102224,0.190760722
18,42,101,036000,42101036000,360,Census Tract 360,G5020,S,0.789081991,0.306650486,0.016678673
19,42,101,036100,42101036100,361,Census Tract 361,G5020,S,0.468356013,0.325118369,0.080271729
20,42,101,026000,42101026000,260,Census Tract 260,G5020,S,0.209819004,0.0613259,0
21,42,101,027500,42101027500,275,Census Tract 275,G5020,S,0.236083001,0.104277798,0.016332099
22,42,101,006500,42101006500,65,Census Tract 65,G5020,S,0.441597998,0.256651686,0.060429969
23,42,101,006600,42101006600,66,Census Tract 66,G5020,S,0.251446009,0.07152105,0
24,42,101,006700,42101006700,67,Census Tract 67,G5020,S,0.386667997,0.139523009,0.00451737
25,42,101,007200,42101007200,72,Census Tract 72,G5020,S,0.194111004,0.042594568,2.44396E-07
26,42,101,001600,42101001600,16,Census Tract 16,G5020,S,0.075825296,0.004167607,0
27,42,101,001700,42101001700,17,Census Tract 17,G5020,S,0.082132302,0.011868749,0.000347491
28,42,101,007300,42101007300,73,Census Tract 73,G5020,S,0.149217993,0.028293297,0
29,42,101,007400,42101007400,74,Census Tract 74,G5020,S,0.261025995,0.074720955,0
30,42,101,001800,42101001800,18,Census Tract 18,G5020,S,0.093606502,0.003390685,0
31,42,101,001900,42101001900,19,Census Tract 19,G5020,S,0.126767993,0.002155292,0
32,42,101,002100,42101002100,21,Census Tract 21,G5020,S,0.091706298,0.005907328,0
33,42,101,002200,42101002200,22,Census Tract 22,G5020,S,0.088301003,0.003127416,0
34,42,101,002400,42101002400,24,Census Tract 24,G5020,S,0.206727996,0.004795823,0
35,42,101,002500,42101002500,25,Census Tract 25,G5020,S,0.151978001,0.025510941,0.001389961
36,42,101,002900,42101002900,29,Census Tract 29,G5020,S,0.142957002,0.001385959,0
37,42,101,003100,42101003100,31,Census Tract 31,G5020,S,0.152861997,0.005907342,0
38,42,101,003200,42101003200,32,Census Tract 32,G5020,S,0.189881995,0.020467623,0.000347491
39,42,101,003300,42101003300,33,Census Tract 33,G5020,S,0.448076993,0.088471411,0.026071793
40,42,101,007800,42101007800,78,Census Tract 78,G5020,S,0.164757997,0.086310652,0
41,42,101,007900,42101007900,79,Census Tract 79,G5020,S,0.145927995,0.067671308,0
42,42,101,008000,42101008000,80,Census Tract 80,G5020,S,0.166365996,0.035580865,0.006249245
43,42,101,008200,42101008200,82,Census Tract 82,G5020,S,0.325670004,0.113116426,0.032844865
44,42,101,008301,42101008301,83.01,Census Tract 83.01,G5020,S,0.199717999,0.083100452,0.01448569
45,42,101,003600,42101003600,36,Census Tract 36,G5020,S,0.37242499,0.102733259,0.000347491
46,42,101,003701,42101003701,37.01,Census Tract 37.01,G5020,S,0.137305006,0.002554196,0
47,42,101,003702,42101003702,37.02,Census Tract 37.02,G5020,S,0.095502697,0.002474358,0
48,42,101,003800,42101003800,38,Census Tract 38,G5020,S,0.420554996,0.061817018,0
49,42,101,003901,42101003901,39.01,Census Tract 39.01,G5020,S,0.162314996,0,0
50,42,101,003902,42101003902,39.02,Census Tract 39.02,G5020,S,0.174885005,0.018059583,0.00464955
51,42,101,004001,42101004001,40.01,Census Tract 40.01,G5020,S,0.121587999,0.001737451,0
52,42,101,015300,42101015300,153,Census Tract 153,G5020,S,0.181139007,0.021506046,0
53,42,101,025300,42101025300,253,Census Tract 253,G5020,S,0.224439994,0.097383542,0
54,42,101,035301,42101035301,353.01,Census Tract 353.01,G5020,S,0.545247018,0.242318525,0.085700263
55,42,101,031900,42101031900,319,Census Tract 319,G5020,S,0.298539013,0.114333878,0.020849465
56,42,101,028300,42101028300,283,Census Tract 283,G5020,S,0.259871989,0.081400471,0
57,42,101,008302,42101008302,83.02,Census Tract 83.02,G5020,S,0.164183006,0.019024578,0
58,42,101,008400,42101008400,84,Census Tract 84,G5020,S,0.193730995,0.013209177,0
59,42,101,008500,42101008500,85,Census Tract 85,G5020,S,0.239942998,0.020377706,5.585E-06
60,42,101,009000,42101009000,90,Census Tract 90,G5020,S,0.202947006,0.060291034,0.001389961
61,42,101,004002,42101004002,40.02,Census Tract 40.02,G5020,S,0.133144006,0.000308557,0
62,42,101,004101,42101004101,41.01,Census Tract 41.01,G5020,S,0.144400999,0.002084945,0
63,42,101,011200,42101011200,112,Census Tract 112,G5020,S,0.194268003,0.050354298,0.00486487
64,42,101,002300,42101002300,23,Census Tract 23,G5020,S,0.0819989,0.001704367,0
65,42,101,006200,42101006200,62,Census Tract 62,G5020,S,0.196769997,0.02518458,0
66,42,101,032300,42101032300,323,Census Tract 323,G5020,S,0.231676996,0.036844296,0.005478764
67,42,101,000600,42101000600,6,Census Tract 6,G5020,S,0.066661,0.000123016,0
68,42,101,001500,42101001500,15,Census Tract 15,G5020,S,0.092425399,0.006431573,0
69,42,101,009200,42101009200,92,Census Tract 92,G5020,S,0.197687998,0.072315524,0
70,42,101,009300,42101009300,93,Census Tract 93,G5020,S,0.155056998,0.03684779,0
71,42,101,009400,42101009400,94,Census Tract 94,G5020,S,0.141589001,0.022262073,0
72,42,101,009500,42101009500,95,Census Tract 95,G5020,S,0.123204,0.013657674,0
73,42,101,009600,42101009600,96,Census Tract 96,G5020,S,0.156477004,0.029442134,6.40326E-05
74,42,101,010000,42101010000,100,Census Tract 100,G5020,S,0.192158997,0.038369626,0.001887034
75,42,101,010100,42101010100,101,Census Tract 101,G5020,S,0.232210994,0.040600295,0
76,42,101,010200,42101010200,102,Census Tract 102,G5020,S,0.139235005,0.035789338,0
77,42,101,010300,42101010300,103,Census Tract 103,G5020,S,0.108599,0.031649425,0
78,42,101,010400,42101010400,104,Census Tract 104,G5020,S,0.182634994,0.081759242,0
79,42,101,010500,42101010500,105,Census Tract 105,G5020,S,0.25395599,0.088505821,0
80,42,101,004201,42101004201,42.01,Census Tract 42.01,G5020,S,0.130500004,0.000347491,0
81,42,101,028800,42101028800,288,Census Tract 288,G5020,S,0.190282002,0.036613493,0
82,42,101,011700,42101011700,117,Census Tract 117,G5020,S,0.252519995,0.193305141,0.004169881
83,42,101,016902,42101016902,169.02,Census Tract 169.02,G5020,S,0.217645004,0.061557796,0
84,42,101,001400,42101001400,14,Census Tract 14,G5020,S,0.121944003,0.002779922,0
85,42,101,013200,42101013200,132,Census Tract 132,G5020,S,0.164737999,0.048349376,0
86,42,101,027000,42101027000,270,Census Tract 270,G5020,S,0.247959003,0.221677334,0.00173745
87,42,101,028100,42101028100,281,Census Tract 281,G5020,S,0.194417998,0.076106631,0.008358463
88,42,101,035302,42101035302,353.02,Census Tract 353.02,G5020,S,0.585301995,0.285127003,0.106016107
89,42,101,002000,42101002000,20,Census Tract 20,G5020,S,0.112001002,0.010056946,0
90,42,101,014300,42101014300,143,Census Tract 143,G5020,S,0.329641014,0.017389928,0.105229882
91,42,101,001101,42101001101,11.01,Census Tract 11.01,G5020,S,0.067187898,0.005965558,0
92,42,101,027402,42101027402,274.02,Census Tract 274.02,G5020,S,0.197437003,0.048293168,0
93,42,101,036502,42101036502,365.02,Census Tract 365.02,G5020,S,0.669170022,0.508294053,0.052072045
94,42,101,030502,42101030502,305.02,Census Tract 305.02,G5020,S,0.270025015,0.093678457,0.001870214
95,42,101,031502,42101031502,315.02,Census Tract 315.02,G5020,S,0.239810005,0.03393225,0.000804308
96,42,101,014600,42101014600,146,Census Tract 146,G5020,S,0.171832994,0.017791148,0.000694977
97,42,101,023800,42101023800,238,Census Tract 238,G5020,S,0.301788002,0.232361259,0.002823846
98,42,101,010900,42101010900,109,Census Tract 109,G5020,S,0.110518001,0.022349838,0
99,42,101,024800,42101024800,248,Census Tract 248,G5020,S,0.123268001,0.053263263,2.03734E-05
100,42,101,033500,42101033500,335,Census Tract 335,G5020,S,0.364096999,0.052214888,0
101,42,101,007700,42101007700,77,Census Tract 77,G5020,S,0.124426998,0.068331988,0.002432431
102,42,101,014000,42101014000,140,Census Tract 140,G5020,S,0.169808,0.035343539,0
103,42,101,003001,42101003001,30.01,Census Tract 30.01,G5020,S,0.087468401,0,0
104,42,101,002802,42101002802,28.02,Census Tract 28.02,G5020,S,0.140035003,0.000769941,0
105,42,101,002701,42101002701,27.01,Census Tract 27.01,G5020,S,0.086811103,0.000694981,0
106,42,101,980600,42101980600,9806,Census Tract 9806,G5020,S,0.496822,0.061161863,0.000347491
107,42,101,036501,42101036501,365.01,Census Tract 365.01,G5020,S,0.70400703,0.555211951,0.025344488
108,42,101,000801,42101000801,8.01,Census Tract 8.01,G5020,S,0.043518402,0.005961978,0.000105189
109,42,101,026301,42101026301,263.01,Census Tract 263.01,G5020,S,0.156886995,0.017530326,0
110,42,101,029200,42101029200,292,Census Tract 292,G5020,S,0.685082018,0.467868311,0.109157522
111,42,101,024400,42101024400,244,Census Tract 244,G5020,S,0.162621006,0.071768736,0.005509682
112,42,101,033200,42101033200,332,Census Tract 332,G5020,S,0.325372994,0.104474482,0.014940316
113,42,101,980200,42101980200,9802,Census Tract 9802,G5020,S,1.995169997,1.934825818,1.704165991
114,42,101,000200,42101000200,2,Census Tract 2,G5020,S,0.149122998,0.002501734,0
115,42,101,000300,42101000300,3,Census Tract 3,G5020,S,0.219668001,0.025367145,0.006933601
116,42,101,026900,42101026900,269,Census Tract 269,G5020,S,0.237331003,0.214117855,0
117,42,101,027100,42101027100,271,Census Tract 271,G5020,S,0.158929005,0.066497036,0
118,42,101,027200,42101027200,272,Census Tract 272,G5020,S,0.262338996,0.104261838,0.045543272
119,42,101,027300,42101027300,273,Census Tract 273,G5020,S,0.364863008,0.117466467,0.016263085
120,42,101,036201,42101036201,362.01,Census Tract 362.01,G5020,S,0.404294997,0.173477765,0.076351204
121,42,101,036202,42101036202,362.02,Census Tract 362.02,G5020,S,0.426710993,0.217654357,0.003297398
122,42,101,027700,42101027700,277,Census Tract 277,G5020,S,0.209701002,0.068327365,0
123,42,101,027800,42101027800,278,Census Tract 278,G5020,S,0.279917002,0.085086951,0.002084943
124,42,101,028000,42101028000,280,Census Tract 280,G5020,S,0.277352989,0.091592213,0.004563301
125,42,101,027600,42101027600,276,Census Tract 276,G5020,S,0.254395992,0.083576577,0
126,42,101,028200,42101028200,282,Census Tract 282,G5020,S,0.330419004,0.107559875,0.00312741
127,42,101,028400,42101028400,284,Census Tract 284,G5020,S,0.190151006,0.055280824,0
128,42,101,028500,42101028500,285,Census Tract 285,G5020,S,0.099727698,0.022365033,0
129,42,101,028600,42101028600,286,Census Tract 286,G5020,S,0.257360011,0.06065291,4.48035E-05
130,42,101,028700,42101028700,287,Census Tract 287,G5020,S,0.148464993,0.035472254,0.000302687
131,42,101,029000,42101029000,290,Census Tract 290,G5020,S,0.302287996,0.12035834,0.029799825
132,42,101,029300,42101029300,293,Census Tract 293,G5020,S,0.268467009,0.076972537,0.001737451
133,42,101,029400,42101029400,294,Census Tract 294,G5020,S,0.251011014,0.056679191,0
134,42,101,036203,42101036203,362.03,Census Tract 362.03,G5020,S,0.592086971,0.356737469,0.074488541
135,42,101,009801,42101009801,98.01,Census Tract 98.01,G5020,S,0.115050003,0.012480459,0.000590981
136,42,101,012201,42101012201,122.01,Census Tract 122.01,G5020,S,0.146357,0.096516956,0.014739522
137,42,101,007101,42101007101,71.01,Census Tract 71.01,G5020,S,0.097782202,0.017996589,0
138,42,101,002801,42101002801,28.01,Census Tract 28.01,G5020,S,0.086080998,0.000217651,0
139,42,101,029800,42101029800,298,Census Tract 298,G5020,S,0.250638992,0.050635711,0.001737452
140,42,101,029900,42101029900,299,Census Tract 299,G5020,S,0.228358001,0.053229555,0
141,42,101,030100,42101030100,301,Census Tract 301,G5020,S,0.27996701,0.142791893,0.00138996
142,42,101,030200,42101030200,302,Census Tract 302,G5020,S,0.348152995,0.096924133,0
143,42,101,030600,42101030600,306,Census Tract 306,G5020,S,0.389097989,0.193084088,0
144,42,101,036301,42101036301,363.01,Census Tract 363.01,G5020,S,0.932393014,0.367946323,0.130514663
145,42,101,036302,42101036302,363.02,Census Tract 363.02,G5020,S,0.201147005,0.094416412,0
146,42,101,036303,42101036303,363.03,Census Tract 363.03,G5020,S,0.988708973,0.525772849,0.312329119
147,42,101,036400,42101036400,364,Census Tract 364,G5020,S,1.745390058,0.971844598,0.651702358
148,42,101,030700,42101030700,307,Census Tract 307,G5020,S,0.252992004,0.136591876,0.006592566
149,42,101,030800,42101030800,308,Census Tract 308,G5020,S,0.307222009,0.142038579,0
150,42,101,030900,42101030900,309,Census Tract 309,G5020,S,0.248988003,0.071241477,4.50822E-06
151,42,101,031000,42101031000,310,Census Tract 310,G5020,S,0.410582989,0.146345704,0
152,42,101,031300,42101031300,313,Census Tract 313,G5020,S,0.265670002,0.028153325,0
153,42,101,031600,42101031600,316,Census Tract 316,G5020,S,0.282288998,0.019857875,0
154,42,101,031700,42101031700,317,Census Tract 317,G5020,S,0.343450993,0.062571359,0
155,42,101,031800,42101031800,318,Census Tract 318,G5020,S,0.196659997,0.052995095,0
156,42,101,032000,42101032000,320,Census Tract 320,G5020,S,0.262829989,0.023156526,0
157,42,101,032100,42101032100,321,Census Tract 321,G5020,S,0.213484004,0.051546118,0
158,42,101,032500,42101032500,325,Census Tract 325,G5020,S,0.324059993,0.096824443,0.007630967
159,42,101,032600,42101032600,326,Census Tract 326,G5020,S,0.312480003,0.052116862,0.001978975
160,42,101,989100,42101989100,9891,Census Tract 9891,G5020,S,1.667179942,0.396254348,0.755145544
161,42,101,032900,42101032900,329,Census Tract 329,G5020,S,0.360222012,0.163519107,0.028007499
162,42,101,033000,42101033000,330,Census Tract 330,G5020,S,0.283181012,0.022267925,0.004517372
163,42,101,033300,42101033300,333,Census Tract 333,G5020,S,0.414433986,0.2039516,0.004624432
164,42,101,033400,42101033400,334,Census Tract 334,G5020,S,0.438703001,0.072952922,0.000333956
165,42,101,033800,42101033800,338,Census Tract 338,G5020,S,0.540623009,0.262800172,0.009536942
166,42,101,033900,42101033900,339,Census Tract 339,G5020,S,0.440423995,0.303511032,0.032161904
167,42,101,034000,42101034000,340,Census Tract 340,G5020,S,0.295222014,0.207773041,0.008851237
168,42,101,034100,42101034100,341,Census Tract 341,G5020,S,0.516753972,0.318331489,7.50453E-05
169,42,101,034200,42101034200,342,Census Tract 342,G5020,S,0.477916986,0.337441993,0.116193131
170,42,101,034400,42101034400,344,Census Tract 344,G5020,S,1.325459957,1.127276863,0.154409767
171,42,101,034600,42101034600,346,Census Tract 346,G5020,S,0.717921019,0.258623718,0.101953173
172,42,101,034701,42101034701,347.01,Census Tract 347.01,G5020,S,0.443376988,0.158577945,0.043668836
173,42,101,008602,42101008602,86.02,Census Tract 86.02,G5020,S,0.142526001,0.01335915,0
174,42,101,009802,42101009802,98.02,Census Tract 98.02,G5020,S,0.236760005,0.053820234,0.002948732
175,42,101,037500,42101037500,375,Census Tract 375,G5020,S,0.399527013,0.336076918,0.020962957
176,42,101,018001,42101018001,180.01,Census Tract 180.01,G5020,S,0.149569005,0.02900407,0
177,42,101,011000,42101011000,110,Census Tract 110,G5020,S,0.196319997,0.076440118,0
178,42,101,011100,42101011100,111,Census Tract 111,G5020,S,0.502553999,0.138255818,0.00416988
179,42,101,011300,42101011300,113,Census Tract 113,G5020,S,0.129547,0.029738445,0
180,42,101,011400,42101011400,114,Census Tract 114,G5020,S,0.375654995,0.176524955,0.000694981
181,42,101,011500,42101011500,115,Census Tract 115,G5020,S,0.143032998,0.040133214,4.67906E-06
182,42,101,011800,42101011800,118,Census Tract 118,G5020,S,0.353091002,0.106029467,0
183,42,101,011900,42101011900,119,Census Tract 119,G5020,S,0.266759008,0.111817344,0.005112549
184,42,101,012000,42101012000,120,Census Tract 120,G5020,S,0.231919006,0.195928865,0.001035133
185,42,101,012100,42101012100,121,Census Tract 121,G5020,S,0.340608001,0.232551042,0.018424342
186,42,101,013100,42101013100,131,Census Tract 131,G5020,S,0.124384001,0.039238499,0.000347491
187,42,101,013500,42101013500,135,Census Tract 135,G5020,S,0.156329006,0.018074574,0
188,42,101,003002,42101003002,30.02,Census Tract 30.02,G5020,S,0.087625898,0.002779928,0
189,42,101,031401,42101031401,314.01,Census Tract 314.01,G5020,S,0.229671001,0.010964048,0
190,42,101,013401,42101013401,134.01,Census Tract 134.01,G5020,S,0.063342802,0.009398346,0
191,42,101,018002,42101018002,180.02,Census Tract 180.02,G5020,S,0.169804007,0.00195167,0
192,42,101,013800,42101013800,138,Census Tract 138,G5020,S,0.131758004,0.038750908,0
193,42,101,013900,42101013900,139,Census Tract 139,G5020,S,0.217350006,0.085479076,0
194,42,101,014100,42101014100,141,Census Tract 141,G5020,S,0.217041999,0.048948682,0
195,42,101,035602,42101035602,356.02,Census Tract 356.02,G5020,S,0.539278984,0.391969357,0.0192536
196,42,101,015101,42101015101,151.01,Census Tract 151.01,G5020,S,0.0745456,0.018970882,0
197,42,101,015102,42101015102,151.02,Census Tract 151.02,G5020,S,0.214890003,0.089954574,0
198,42,101,009100,42101009100,91,Census Tract 91,G5020,S,0.164315,0.030242475,0
199,42,101,033600,42101033600,336,Census Tract 336,G5020,S,0.445354998,0.208484857,0
200,42,101,004202,42101004202,42.02,Census Tract 42.02,G5020,S,0.175036997,0.004834481,0
201,42,101,016800,42101016800,168,Census Tract 168,G5020,S,0.224374995,0.07814226,0.001387516
202,42,101,007000,42101007000,70,Census Tract 70,G5020,S,0.181308001,0.027964384,0
203,42,101,029100,42101029100,291,Census Tract 291,G5020,S,0.515092015,0.187402932,0.053126824
204,42,101,980100,42101980100,9801,Census Tract 9801,G5020,S,2.155109882,2.049218716,1.699595671
205,42,101,021300,42101021300,213,Census Tract 213,G5020,S,0.208058,0.077914971,0.001450653
206,42,101,030000,42101030000,300,Census Tract 300,G5020,S,0.351680994,0.089271911,0
207,42,101,013300,42101013300,133,Census Tract 133,G5020,S,0.138198003,0.005063571,0
208,42,101,026100,42101026100,261,Census Tract 261,G5020,S,0.250721008,0.08115945,0
209,42,101,026200,42101026200,262,Census Tract 262,G5020,S,0.214656994,0.069102845,0
210,42,101,026302,42101026302,263.02,Census Tract 263.02,G5020,S,0.271856993,0.063311968,0
211,42,101,026400,42101026400,264,Census Tract 264,G5020,S,0.307651013,0.074162033,0
212,42,101,026500,42101026500,265,Census Tract 265,G5020,S,0.210795,0.042513144,0
213,42,101,026600,42101026600,266,Census Tract 266,G5020,S,0.352418989,0.083080475,0
214,42,101,026700,42101026700,267,Census Tract 267,G5020,S,0.248753995,0.031697027,0
215,42,101,031402,42101031402,314.02,Census Tract 314.02,G5020,S,0.201208994,0.014028369,0.000238165
216,42,101,016701,42101016701,167.01,Census Tract 167.01,G5020,S,0.098153502,0.036048164,0
217,42,101,027901,42101027901,279.01,Census Tract 279.01,G5020,S,0.160532996,0.064035265,0
218,42,101,027902,42101027902,279.02,Census Tract 279.02,G5020,S,0.343546003,0.193636067,0.072234517
219,42,101,008702,42101008702,87.02,Census Tract 87.02,G5020,S,0.109476,0.038539137,0
220,42,101,008101,42101008101,81.01,Census Tract 81.01,G5020,S,0.094162002,0.008769014,0.000694738
221,42,101,007102,42101007102,71.02,Census Tract 71.02,G5020,S,0.160526007,0.018880975,0
222,42,101,008701,42101008701,87.01,Census Tract 87.01,G5020,S,0.100208998,0.032968174,0
223,42,101,008102,42101008102,81.02,Census Tract 81.02,G5020,S,0.139972001,0.010184232,0
224,42,101,001002,42101001002,10.02,Census Tract 10.02,G5020,S,0.182107002,0.067416687,0.005907337
225,42,101,037800,42101037800,378,Census Tract 378,G5020,S,2.189960003,0.383199894,0.863138748
226,42,101,037600,42101037600,376,Census Tract 376,G5020,S,0.268013,0.016512867,0.000347491
227,42,101,014500,42101014500,145,Census Tract 145,G5020,S,0.124117002,0.050104057,5.07672E-09
228,42,101,031200,42101031200,312,Census Tract 312,G5020,S,0.148105994,0.015554944,0
229,42,101,021800,42101021800,218,Census Tract 218,G5020,S,0.388419986,0.334670262,0.038314532
230,42,101,038700,42101038700,387,Census Tract 387,G5020,S,0.800575972,0.717043285,0.181085569
231,42,101,038800,42101038800,388,Census Tract 388,G5020,S,0.538627982,0.434620297,0.129381963
232,42,101,038900,42101038900,389,Census Tract 389,G5020,S,0.494421005,0.312636971,0.087199726
233,42,101,037900,42101037900,379,Census Tract 379,G5020,S,0.544996023,0.06030088,0.000347491
234,42,101,038200,42101038200,382,Census Tract 382,G5020,S,0.711156011,0.100349372,0.008528079
235,42,101,038000,42101038000,380,Census Tract 380,G5020,S,0.34029901,0.039320392,0.000506675
236,42,101,038100,42101038100,381,Census Tract 381,G5020,S,1.917449951,0.246591135,0.631911997
237,42,101,001001,42101001001,10.01,Census Tract 10.01,G5020,S,0.088570803,0.028099667,0.008339782
238,42,101,037300,42101037300,373,Census Tract 373,G5020,S,1.055119991,0.516746191,0.08617759
239,42,101,037200,42101037200,372,Census Tract 372,G5020,S,0.396596998,0.070958795,0.005080193
240,42,101,038400,42101038400,384,Census Tract 384,G5020,S,1.000219941,0.890110548,0.474942316
241,42,101,038600,42101038600,386,Census Tract 386,G5020,S,1.290629983,1.171578737,0.606036061
242,42,101,038500,42101038500,385,Census Tract 385,G5020,S,0.520114005,0.49249515,0.105662087
243,42,101,025500,42101025500,255,Census Tract 255,G5020,S,0.295985013,0.246538749,0.002084941
244,42,101,025600,42101025600,256,Census Tract 256,G5020,S,0.33485201,0.293011056,0.014356464
245,42,101,025700,42101025700,257,Census Tract 257,G5020,S,0.288385004,0.21306187,0.007535437
246,42,101,025800,42101025800,258,Census Tract 258,G5020,S,0.226531997,0.142571742,0
247,42,101,025900,42101025900,259,Census Tract 259,G5020,S,0.212129995,0.016530137,0
248,42,101,017602,42101017602,176.02,Census Tract 176.02,G5020,S,0.154616997,0.031956542,0
249,42,101,017800,42101017800,178,Census Tract 178,G5020,S,0.25583601,0.032884334,0
250,42,101,017900,42101017900,179,Census Tract 179,G5020,S,0.275730014,0.056118011,0
251,42,101,017701,42101017701,177.01,Census Tract 177.01,G5020,S,0.093070902,0.009468724,0
252,42,101,035601,42101035601,356.01,Census Tract 356.01,G5020,S,0.788496017,0.614642606,0.031425784
253,42,101,980400,42101980400,9804,Census Tract 9804,G5020,S,1.145370007,0.167324831,0.01667955
254,42,101,013402,42101013402,134.02,Census Tract 134.02,G5020,S,0.092127301,0.012645308,0
255,42,101,013601,42101013601,136.01,Census Tract 136.01,G5020,S,0.067690797,0.007409991,0.000257435
256,42,101,008801,42101008801,88.01,Census Tract 88.01,G5020,S,0.071302399,0.014956511,0
257,42,101,980500,42101980500,9805,Census Tract 9805,G5020,S,0.160652995,0.095178264,0.014613301
258,42,101,015200,42101015200,152,Census Tract 152,G5020,S,0.258338988,0.119296542,0
259,42,101,018300,42101018300,183,Census Tract 183,G5020,S,0.742842972,0.223587917,0.097504825
260,42,101,018400,42101018400,184,Census Tract 184,G5020,S,0.895451009,0.082356008,0.367587343
261,42,101,019000,42101019000,190,Census Tract 190,G5020,S,0.302974999,0.046951628,0
262,42,101,019100,42101019100,191,Census Tract 191,G5020,S,0.55973798,0.09256822,0.021809363
263,42,101,019200,42101019200,192,Census Tract 192,G5020,S,0.25800699,0.016737078,0
264,42,101,019700,42101019700,197,Census Tract 197,G5020,S,0.173970997,0.022664913,0
265,42,101,019800,42101019800,198,Census Tract 198,G5020,S,0.208615005,0.027063425,0
266,42,101,019900,42101019900,199,Census Tract 199,G5020,S,0.255553991,0.040979468,0
267,42,101,020000,42101020000,200,Census Tract 200,G5020,S,0.122304998,0.022174715,0
268,42,101,020200,42101020200,202,Census Tract 202,G5020,S,0.292205006,0.12552265,0
269,42,101,020300,42101020300,203,Census Tract 203,G5020,S,0.196209997,0.057642872,0
270,42,101,020400,42101020400,204,Census Tract 204,G5020,S,0.157286003,0.047224514,0.000676278
271,42,101,020500,42101020500,205,Census Tract 205,G5020,S,0.551935971,0.180997808,0.000694981
272,42,101,020600,42101020600,206,Census Tract 206,G5020,S,0.522274971,0.331581177,0.051083668
273,42,101,020800,42101020800,208,Census Tract 208,G5020,S,0.345708996,0.29147722,0.095488594
274,42,101,000401,42101000401,4.01,Census Tract 4.01,G5020,S,0.089854501,0.007079874,0
275,42,101,034501,42101034501,345.01,Census Tract 345.01,G5020,S,0.172767997,0.105254981,0.007028585
276,42,101,000901,42101000901,9.01,Census Tract 9.01,G5020,S,0.040738702,0.000295202,0
277,42,101,017702,42101017702,177.02,Census Tract 177.02,G5020,S,0.188901007,0.01924996,0
278,42,101,005600,42101005600,56,Census Tract 56,G5020,S,0.324485004,0.199982243,0.037679123
279,42,101,000500,42101000500,5,Census Tract 5,G5020,S,0.165546,0.002280243,0
280,42,101,034803,42101034803,348.03,Census Tract 348.03,G5020,S,0.494037002,0.191378989,0.004517375
281,42,101,006000,42101006000,60,Census Tract 60,G5020,S,0.413666993,0.104651506,0.006949811
282,42,101,006100,42101006100,61,Census Tract 61,G5020,S,0.206652999,0.070313985,0.000694982
283,42,101,006300,42101006300,63,Census Tract 63,G5020,S,0.214515999,0.071748311,0
284,42,101,006400,42101006400,64,Census Tract 64,G5020,S,0.254227996,0.115828185,0.014248049
285,42,101,026800,42101026800,268,Census Tract 268,G5020,S,0.298943996,0.170732789,0
286,42,101,014400,42101014400,144,Census Tract 144,G5020,S,0.235305995,0.019985946,0
287,42,101,036600,42101036600,366,Census Tract 366,G5020,S,1.041990042,0.086375051,0.525484461
288,42,101,020900,42101020900,209,Census Tract 209,G5020,S,0.215133995,0.087585664,0.017355566
289,42,101,021000,42101021000,210,Census Tract 210,G5020,S,0.352872014,0.086278966,0.021683505
290,42,101,021100,42101021100,211,Census Tract 211,G5020,S,0.213906005,0.111707589,0.002537888
291,42,101,021200,42101021200,212,Census Tract 212,G5020,S,0.199113995,0.086013217,0.015862883
292,42,101,021400,42101021400,214,Census Tract 214,G5020,S,0.255587012,0.071447246,0.016334695
293,42,101,021500,42101021500,215,Census Tract 215,G5020,S,0.396961987,0.213468893,0.044157173
294,42,101,015600,42101015600,156,Census Tract 156,G5020,S,0.165856004,0.033125526,0
295,42,101,015700,42101015700,157,Census Tract 157,G5020,S,0.187286004,0.009873739,0
296,42,101,015800,42101015800,158,Census Tract 158,G5020,S,0.224021003,0.019111559,0
297,42,101,016100,42101016100,161,Census Tract 161,G5020,S,0.273263991,0.014924054,0
298,42,101,016200,42101016200,162,Census Tract 162,G5020,S,0.140919998,0.04706632,0.001737452
299,42,101,016300,42101016300,163,Census Tract 163,G5020,S,0.220936999,0.038843747,0
300,42,101,016400,42101016400,164,Census Tract 164,G5020,S,0.187287003,0.052991304,0
301,42,101,016500,42101016500,165,Census Tract 165,G5020,S,0.152380005,0.068525157,0
302,42,101,016600,42101016600,166,Census Tract 166,G5020,S,0.100823,0.032059607,0
303,42,101,016002,42101016002,160.02,Census Tract 160.02,G5020,S,0.150973007,0.002460136,0
304,42,101,016001,42101016001,160.01,Census Tract 160.01,G5020,S,0.127418995,0.002918778,0
305,42,101,039002,42101039002,390.02,Census Tract 390.02,G5020,S,0.419910997,0.093121295,0.000341788
306,42,101,018801,42101018801,188.01,Census Tract 188.01,G5020,S,0.158774003,0.016327854,0
307,42,101,039001,42101039001,390.01,Census Tract 390.01,G5020,S,0.364223003,0.063857356,0.002775415
308,42,101,004104,42101004104,41.04,Census Tract 41.04,G5020,S,0.077736303,0,0
309,42,101,004103,42101004103,41.03,Census Tract 41.03,G5020,S,0.073559299,0.003680723,0
310,42,101,980702,42101980702,9807.02,Census Tract 9807.02,G5020,S,1.260169983,0.040480634,0.337175184
311,42,101,989200,42101989200,9892,Census Tract 9892,G5020,S,3.060400009,0.645659022,1.232170376
312,42,101,000102,42101000102,1.02,Census Tract 1.02,G5020,S,0.171584994,0.030440804,0.001737454
313,42,101,036901,42101036901,369.01,Census Tract 369.01,G5020,S,0.41969499,0.174478435,0.032018568
314,42,101,001204,42101001204,12.04,Census Tract 12.04,G5020,S,0.079593003,0.000693372,0
315,42,101,980001,42101980001,9800.01,Census Tract 9800.01,G5020,S,1.243049979,0.704354733,0.492356543
316,42,101,036902,42101036902,369.02,Census Tract 369.02,G5020,S,0.360137999,0.087079559,0.002084945
317,42,101,020702,42101020702,207.02,Census Tract 207.02,G5020,S,0.331835002,0.232927323,0.03943514
318,42,101,013702,42101013702,137.02,Census Tract 137.02,G5020,S,0.125584006,0.01861441,0
319,42,101,020701,42101020701,207.01,Census Tract 207.01,G5020,S,0.25453499,0.101097679,0.005180613
320,42,101,012502,42101012502,125.02,Census Tract 125.02,G5020,S,0.232517004,0.095228759,0.009940364
321,42,101,018802,42101018802,188.02,Census Tract 188.02,G5020,S,0.097323,0.005470972,0
322,42,101,014201,42101014201,142.01,Census Tract 142.01,G5020,S,0.112249002,0.010997144,0
323,42,101,014202,42101014202,142.02,Census Tract 142.02,G5020,S,0.316576988,0.015284309,0.10956348
324,42,101,000101,42101000101,1.01,Census Tract 1.01,G5020,S,0.135863006,0.02218872,0.00138996
325,42,101,980002,42101980002,9800.02,Census Tract 9800.02,G5020,S,2.503479958,1.912433572,0.911497882
326,42,101,980901,42101980901,9809.01,Census Tract 9809.01,G5020,S,5.302000046,1.57643581,1.54202407
327,42,101,000404,42101000404,4.04,Census Tract 4.04,G5020,S,0.063352898,0.001133241,0
328,42,101,012501,42101012501,125.01,Census Tract 125.01,G5020,S,0.114065997,0.009538086,2.1589E-06
329,42,101,000403,42101000403,4.03,Census Tract 4.03,G5020,S,0.053905599,0.00049968,0
330,42,101,000701,42101000701,7.01,Census Tract 7.01,G5020,S,0.054246102,0.000612184,0
331,42,101,000805,42101000805,8.05,Census Tract 8.05,G5020,S,0.027891099,0.001749378,1.19251E-05
332,42,101,000806,42101000806,8.06,Census Tract 8.06,G5020,S,0.0282658,0,0.000347491
333,42,101,989300,42101989300,9893,Census Tract 9893,G5020,S,0.871968985,0.193673844,0
334,42,101,016901,42101016901,169.01,Census Tract 169.01,G5020,S,0.198033005,0.053215182,0
335,42,101,017000,42101017000,170,Census Tract 170,G5020,S,0.627609015,0.262402759,0.028662584
336,42,101,017100,42101017100,171,Census Tract 171,G5020,S,0.440497994,0.114988096,0.000347491
337,42,101,017202,42101017202,172.02,Census Tract 172.02,G5020,S,0.112204,0.027027038,0
338,42,101,027401,42101027401,274.01,Census Tract 274.01,G5020,S,0.126122996,0.024971434,0
339,42,101,020101,42101020101,201.01,Census Tract 201.01,G5020,S,0.18671,0.076274351,0
340,42,101,028901,42101028901,289.01,Census Tract 289.01,G5020,S,0.236008003,0.049041011,0.004517372
341,42,101,030501,42101030501,305.01,Census Tract 305.01,G5020,S,0.145705,0.025900384,0
342,42,101,016702,42101016702,167.02,Census Tract 167.02,G5020,S,0.137106001,0.042342899,0
343,42,101,008802,42101008802,88.02,Census Tract 88.02,G5020,S,0.152530998,0.04397064,0
344,42,101,021600,42101021600,216,Census Tract 216,G5020,S,0.818785012,0.576896247,0.250914417
345,42,101,021700,42101021700,217,Census Tract 217,G5020,S,0.602154016,0.354511894,0.027180457
346,42,101,021900,42101021900,219,Census Tract 219,G5020,S,0.564154983,0.499018273,0.272140609
347,42,101,022000,42101022000,220,Census Tract 220,G5020,S,1.163210034,1.000749438,0.698426591
348,42,101,023100,42101023100,231,Census Tract 231,G5020,S,0.283403993,0.268828646,0.01696408
349,42,101,023500,42101023500,235,Census Tract 235,G5020,S,0.308629006,0.30168438,0.096685839
350,42,101,023600,42101023600,236,Census Tract 236,G5020,S,0.377638012,0.354708523,0.048706967
351,42,101,023700,42101023700,237,Census Tract 237,G5020,S,0.414274991,0.337974473,0.019068357
352,42,101,023900,42101023900,239,Census Tract 239,G5020,S,0.188696995,0.160254791,0.061859018
353,42,101,024000,42101024000,240,Census Tract 240,G5020,S,0.238253996,0.144718232,0.001042473
354,42,101,024100,42101024100,241,Census Tract 241,G5020,S,0.157472998,0.068555049,0
355,42,101,014900,42101014900,149,Census Tract 149,G5020,S,0.174988002,0.0490893,0
356,42,101,014700,42101014700,147,Census Tract 147,G5020,S,0.130375996,0.02917875,0
357,42,101,014800,42101014800,148,Census Tract 148,G5020,S,0.073794298,0.024440805,0
358,42,101,024200,42101024200,242,Census Tract 242,G5020,S,0.205428004,0.122088016,0.001389962
359,42,101,024300,42101024300,243,Census Tract 243,G5020,S,0.262174994,0.156974824,0.006949805
360,42,101,024500,42101024500,245,Census Tract 245,G5020,S,0.309266001,0.192042214,0.011507558
361,42,101,024600,42101024600,246,Census Tract 246,G5020,S,0.239868999,0.121132474,0.003549696
362,42,101,017300,42101017300,173,Census Tract 173,G5020,S,0.337677985,0.072435701,2.44599E-06
363,42,101,017400,42101017400,174,Census Tract 174,G5020,S,0.136673003,0.052847578,0
364,42,101,017500,42101017500,175,Census Tract 175,G5020,S,0.280373007,0.069172308,0
365,42,101,017601,42101017601,176.01,Census Tract 176.01,G5020,S,0.223601997,0.025611446,0
366,42,101,024700,42101024700,247,Census Tract 247,G5020,S,0.363424003,0.221082489,0.010686082
367,42,101,024900,42101024900,249,Census Tract 249,G5020,S,0.125559002,0.03964124,0
368,42,101,025200,42101025200,252,Census Tract 252,G5020,S,0.367731005,0.188064285,0.00416988
369,42,101,025400,42101025400,254,Census Tract 254,G5020,S,0.297205001,0.164558626,0.00138996
370,42,101,001203,42101001203,12.03,Census Tract 12.03,G5020,S,0.039542399,0.000696591,0
371,42,101,001302,42101001302,13.02,Census Tract 13.02,G5020,S,0.238406003,0.021959534,0.015545559
372,42,101,013701,42101013701,137.01,Census Tract 137.01,G5020,S,0.102113001,0.028360101,0
373,42,101,980003,42101980003,9800.03,Census Tract 9800.03,G5020,S,0.199705005,0.006841804,0.004668281
374,42,101,001301,42101001301,13.01,Census Tract 13.01,G5020,S,0.065748803,0.002859735,0
375,42,101,000702,42101000702,7.02,Census Tract 7.02,G5020,S,0.043736901,0.004330352,0.000694981
376,42,101,980701,42101980701,9807.01,Census Tract 9807.01,G5020,S,1.588230014,0.155367659,0.198025889
377,42,101,038301,42101038301,383.01,Census Tract 383.01,G5020,S,0.291023999,0.020563233,0
378,42,101,035701,42101035701,357.01,Census Tract 357.01,G5020,S,0.231409997,0.091773589,0.002084942
379,42,101,035702,42101035702,357.02,Census Tract 357.02,G5020,S,0.601988971,0.221276084,0.08467401
380,42,101,033701,42101033701,337.01,Census Tract 337.01,G5020,S,0.375277996,0.123469601,0.020452016
381,42,101,033702,42101033702,337.02,Census Tract 337.02,G5020,S,0.408416003,0.186498206,0.037314932
382,42,101,020102,42101020102,201.02,Census Tract 201.02,G5020,S,0.144024,0.030553993,0
383,42,101,031101,42101031101,311.01,Census Tract 311.01,G5020,S,0.135001004,0.002622705,0
384,42,101,031102,42101031102,311.02,Census Tract 311.02,G5020,S,0.153709993,0.010011892,0
385,42,101,019502,42101019502,195.02,Census Tract 195.02,G5020,S,0.142973006,0.017869807,0
386,42,101,019501,42101019501,195.01,Census Tract 195.01,G5020,S,0.152079001,0.018491659,0
387,42,101,028902,42101028902,289.02,Census Tract 289.02,G5020,S,0.319736004,0.160021004,0.070912224
388,42,101,033101,42101033101,331.01,Census Tract 331.01,G5020,S,0.188012004,0.018154012,0
389,42,101,033102,42101033102,331.02,Census Tract 331.02,G5020,S,0.277709991,0.119062194,0.005681774
390,42,101,031501,42101031501,315.01,Census Tract 315.01,G5020,S,0.226736993,0.026029918,0
391,42,101,001102,42101001102,11.02,Census Tract 11.02,G5020,S,0.078788802,0.010835911,0
392,42,101,000803,42101000803,8.03,Census Tract 8.03,G5020,S,0.059004098,0.01168567,0.007632865
393,42,101,017201,42101017201,172.01,Census Tract 172.01,G5020,S,0.101529002,0.009342369,0
394,42,101,980800,42101980800,9808,Census Tract 9808,G5020,S,0.829249024,0.628739758,0.356293128
395,42,101,008601,42101008601,86.01,Census Tract 86.01,G5020,S,0.097483002,0.024200537,0
396,42,101,037700,42101037700,377,Census Tract 377,G5020,S,0.284509003,0.0772462,0.000694981
397,42,101,010700,42101010700,107,Census Tract 107,G5020,S,0.178010002,0.064615169,0
398,42,101,010800,42101010800,108,Census Tract 108,G5020,S,0.226148993,0.102871216,0
399,42,101,010600,42101010600,106,Census Tract 106,G5020,S,0.102495998,0.04632264,0
400,42,101,005400,42101005400,54,Census Tract 54,G5020,S,0.917481005,0.602740725,0.649643117
401,42,101,005500,42101005500,55,Census Tract 55,G5020,S,0.455832988,0.243610576,0.036613203
402,42,101,012204,42101012204,122.04,Census Tract 122.04,G5020,S,0.361364007,0.152076721,0.015755849
403,42,101,012203,42101012203,122.03,Census Tract 122.03,G5020,S,0.087913603,0.043458822,0
404,42,101,013602,42101013602,136.02,Census Tract 136.02,G5020,S,0.095294602,0.012460801,6.71861E-05
405,42,101,034502,42101034502,345.02,Census Tract 345.02,G5020,S,0.394490987,0.200438901,0.008955998
406,42,101,000902,42101000902,9.02,Census Tract 9.02,G5020,S,0.0599095,0.006712997,0
407,42,101,001201,42101001201,12.01,Census Tract 12.01,G5020,S,0.138332993,0.019683713,0.005107164
408,42,101,002702,42101002702,27.02,Census Tract 27.02,G5020,S,0.141958997,0.007992281,0
